"","country_code","cases_in_last_30_days","sequences_in_last_30_days","population_size","percent_of_cases_sequenced_last_30_days","per_capita_seq_rate_in_last_30_days","max_prevalence_variant_pct","cases_per_100k_last_7_days","cases_per_100k_last_30_days","max_new_tests_cap_avg","cap_cum_tests","cum_tpr","tests_in_last_7_days","tests_in_last_30_days","tests_per_100k_in_last_7_days","tests_per_100k_in_last_30_days","positivity_in_last_7_days","positivity_in_last_30_days","cum_omicron_seq","BNO_confirmed","BNO_probable","max_omicron","country_name","cum_omicron_seq_NA","max_omicron_seq_NA","log10_max_prevalence_variant_pct","max_prevalence_variant_pct_flags","max_prevalence_variant_pct_w_pct"
"1","ABW",0,0,107195,NA,0,100,0,0,NA,NA,NA,NA,NA,NA,NA,NA,NA,0,NA,NA,0,NA,NA,NA,2,"not estimated, insufficient recent sequencing","not estimated, insufficient recent sequencing"
"2","AFG",1111,0,39835428,0,0,100,0.3,2.78897467851983,10.65,20.5742653103165,0.196702521491045,6630,22549,16.6434762543533,56.6053915625056,0.0180250805429864,0.0492704776265023,0,NA,NA,0,NA,NA,NA,2,"not estimated, insufficient recent sequencing","not estimated, insufficient recent sequencing"
"3","AGO",577,0,33933611,0,0,100,0.3,1.70037901359805,64.38,55.4998782936774,0.03581682390756,0,0,0,0,Inf,Inf,0,NA,NA,0,NA,NA,NA,2,"not estimated, insufficient recent sequencing","not estimated, insufficient recent sequencing"
"4","AIA",0,0,15125,NA,0,100,0,0,NA,NA,NA,NA,NA,NA,NA,NA,NA,0,NA,NA,0,NA,NA,NA,2,"not estimated, insufficient recent sequencing","not estimated, insufficient recent sequencing"
"5","ALB",12940,2,2872934,0.0154559505409583,0.069615243510641,77.64,57.6,450.410625513847,190.16,488.903752605976,0.144016800929595,14936,85113,519.886638537467,2962.5811104606,0.110793384038565,0.1520331794203,0,NA,NA,0,NA,NA,NA,1.89008172424565,"77.64","77.64%"
"6","AND",3110,0,77354,0,0,100,1495.7,4020.47728624247,11029.48,4609.76623376623,0.0530071671662647,0,0,0,0,Inf,Inf,0,NA,NA,0,NA,NA,NA,2,"not estimated, insufficient recent sequencing","not estimated, insufficient recent sequencing"
"7","ARE",1938,0,9991083,0,0,100,3.3,19.3972965693509,3134.75,9828.98341759353,0.00763828147549756,0,2593205,0,25955.1942467098,Inf,0.00074733775386057,0,1,NA,1,"United Arab Emirates",NA,1,2,"not estimated, insufficient recent sequencing","not estimated, insufficient recent sequencing"
"8","ARG",48173,11,45605823,0.0228343677993897,0.02411972699188,23.84,24,105.629055307258,224.27,587.133308257368,0.201541584311803,272022,1143250,596.463306889561,2506.80708031516,0.0402371775812251,0.0421368904439099,0,1,NA,1,"Argentina",NA,1,1.37731388463904,"23.84","23.84%"
"9","ARM",19815,0,2968128,0,0,100,49.9,667.592502749208,230.7,611.249071886601,0.188538543042994,0,0,0,0,Inf,Inf,0,NA,NA,0,NA,NA,NA,2,"not estimated, insufficient recent sequencing","not estimated, insufficient recent sequencing"
"10","ATG",57,0,98728,0,0,100,7.1,57.7343813305243,131.09,170.408163265306,0.248562874251497,0,0,0,0,Inf,Inf,0,NA,NA,0,NA,NA,NA,2,"not estimated, insufficient recent sequencing","not estimated, insufficient recent sequencing"
"11","AUS",39390,2041,25788217,5.18151815181518,7.91446729333788,0.15,28.6,152.744177699451,863.04,1930.62537254902,0.00454823670160154,1137364,4787290,4410.40185135715,18563.8658151512,0.00648466986998006,0.00822803715672124,22,52,NA,52,"Australia",22,52,-0.833658691220183,"0.15","0.15%"
"12","AUT",315271,289,9043072,0.0916671688801063,3.19581664283996,1.03,310.6,3486.32632804428,5074.8,12623.9147235177,0.0106692636713753,2665631,13604002,29477.0516037028,150435.626300443,0.0105370104234232,0.0231748716296866,17,17,14,17,"Austria",17,17,0.0133561828593,"1.03","1.03%"
"13","AZE",49912,0,10223344,0,0,100,64.7,488.215988819314,161.18,555.582799092613,0.106463208057299,81082,355514,793.106443449423,3477.47273299226,0.0815779527885351,0.14039390853806,0,NA,NA,0,NA,NA,NA,2,"not estimated, insufficient recent sequencing","not estimated, insufficient recent sequencing"
"14","BDI",361,0,12255429,0,0,100,0.7,2.94563331891523,58.57,75.8533344546295,0.0227534779350135,12802,55305,104.459827558872,451.269392527997,0.00670114068114357,0.00652743874875689,0,NA,NA,0,NA,NA,NA,2,"not estimated, insufficient recent sequencing","not estimated, insufficient recent sequencing"
"15","BEL",440954,2100,11632334,0.476240152033999,18.0531267413745,0.14,603.7,3790.76116624574,1311.73,2479.18602243313,0.0660720213284955,783228,3154785,6733.19731018728,27120.8254508511,0.0896602271088368,0.13977307486881,17,17,NA,17,"Belgium",17,17,-0.846026028780611,"0.14","0.14%"
"16","BEN",59,0,12451031,0,0,100,0,0.47385634169572,28.81,52.8405510187247,0.0388128994389512,0,0,0,0,NA,Inf,0,NA,NA,0,NA,NA,NA,2,"not estimated, insufficient recent sequencing","not estimated, insufficient recent sequencing"
"17","BES",0,0,26445,NA,0,100,0,0,NA,NA,NA,NA,NA,NA,NA,NA,NA,0,NA,NA,0,NA,NA,NA,2,"not estimated, insufficient recent sequencing","not estimated, insufficient recent sequencing"
"18","BFA",1231,0,21497097,0,0,100,1.6,5.72635458638904,5.49,13.4739511074965,0.0579947877832456,7891,19145,36.707281918112,89.0585366014769,0.043588081611963,0.0642987725254636,0,NA,NA,0,NA,NA,NA,2,"not estimated, insufficient recent sequencing","not estimated, insufficient recent sequencing"
"19","BGD",6783,0,166303494,0,0,100,0.7,4.07868760712869,25.41,57.8493402716636,0.165662134006497,0,0,0,0,Inf,Inf,0,NA,NA,0,NA,NA,NA,2,"not estimated, insufficient recent sequencing","not estimated, insufficient recent sequencing"
"20","BGR",69837,0,6896655,0,0,100,126.2,1012.62133599549,302.99,670.483592400691,0.152309531782626,0,0,0,0,Inf,Inf,0,NA,NA,0,NA,NA,NA,2,"not estimated, insufficient recent sequencing","not estimated, insufficient recent sequencing"
"21","BHR",796,137,1748295,17.2110552763819,7.83620613226029,2.16,8.1,45.5300735859795,1044.51,4436.02643948296,0.0368120123171601,127239,513136,7277.89074498297,29350.6530648432,0.00111295982363898,0.00155124567366156,0,NA,NA,0,NA,NA,NA,0.335042798755263,"2.16","2.16%"
"22","BHS",317,0,396914,0,0,100,9.3,79.8661674821246,126.96,433.284987277354,0.134166466017935,1818,10906,458.033730228715,2747.69849388029,0.0203041815181518,0.0290665688611773,0,NA,NA,0,NA,NA,NA,2,"not estimated, insufficient recent sequencing","not estimated, insufficient recent sequencing"
"23","BIH",19266,0,3263459,0,0,100,80.6,590.355202869103,102.26,305.156659555014,0.279479314715362,14968,69283,458.654452223852,2122.99281222776,0.175731423971138,0.278076873114617,0,NA,NA,0,NA,NA,NA,2,"not estimated, insufficient recent sequencing","not estimated, insufficient recent sequencing"
"24","BLM",0,0,-Inf,NA,0,100,0,0,NA,NA,NA,NA,NA,NA,NA,NA,NA,0,NA,NA,0,NA,NA,NA,2,"not estimated, insufficient recent sequencing","not estimated, insufficient recent sequencing"
"25","BLR",50323,0,9442867,0,0,100,82.7,532.920775014622,382.51,1119.11810773627,0.0631604360924397,154865,762940,1640.02098091607,8079.53770819816,0.0504261841539405,0.0659593152803628,0,NA,NA,0,NA,NA,NA,2,"not estimated, insufficient recent sequencing","not estimated, insufficient recent sequencing"
"26","BLZ",2726,0,404915,0,0,100,66.7,673.22771445859,383.37,870.643216080402,0.0892599475926076,9066,40159,2238.98842967042,9917.88400034575,0.0297902388043239,0.0678801762992106,0,NA,NA,0,NA,NA,NA,2,"not estimated, insufficient recent sequencing","not estimated, insufficient recent sequencing"
"27","BMU",0,0,62092,NA,0,100,0,0,4409.62,10591.1290322581,NA,9582,48976,15431.9397023771,78876.5058300586,0,0,0,NA,NA,0,NA,NA,NA,2,"not estimated, insufficient recent sequencing","not estimated, insufficient recent sequencing"
"28","BOL",27889,0,11832936,0,0,100,54,235.689604000224,103.68,196.074702304463,0.238622759723521,0,0,0,0,Inf,Inf,0,NA,NA,0,NA,NA,NA,2,"not estimated, insufficient recent sequencing","not estimated, insufficient recent sequencing"
"29","BRA",271649,961,213993441,0.353765336886939,0.449079184627906,0.31,18.2,126.942675780423,160.1,307.585602115177,0.33906012790928,231176,1803931,108.029479277358,842.984248288245,0.168472532884036,0.150587245299294,5,6,NA,6,"Brazil",5,6,-0.506897128317505,"0.31","0.31%"
"30","BRB",6041,0,287708,0,0,100,236,2099.69830522613,809.88,1431.31010452962,0.0643473730847692,0,11007,0,3825.75388936005,Inf,0.548832561097483,0,NA,NA,0,NA,NA,NA,2,"not estimated, insufficient recent sequencing","not estimated, insufficient recent sequencing"
"31","BRN",1447,0,441532,0,0,100,26.7,327.722565974833,1136.64,1406.87643020595,0.0247948536527842,0,86329,0,19552.1502405262,Inf,0.0167614590693741,0,NA,NA,0,NA,NA,NA,2,"not estimated, insufficient recent sequencing","not estimated, insufficient recent sequencing"
"32","BTN",18,0,779900,0,0,100,0.1,2.30798820361585,750.57,1607.22279792746,0.0021293126237129,0,32002,0,4103.34658289524,Inf,0.000562464845947128,0,NA,NA,0,NA,NA,NA,2,"not estimated, insufficient recent sequencing","not estimated, insufficient recent sequencing"
"33","BWA",2103,124,2397240,5.89633856395625,5.1726151741169,2.39,10.4,87.7258847674826,260.37,810.263180272109,0.102612162525928,34304,68462,1430.97895913634,2855.86758105154,0.00726775186567164,0.030717770441997,26,25,NA,26,"Botswana",26,26,0.377845786014731,"2.39","2.39%"
"34","CAF",163,0,4919987,0,0,100,0,3.3130168839877,10.12,14.971635610766,0.16237744250688,164,2669,3.33334214094468,54.248110818179,0,0.0610715623829149,0,NA,NA,0,NA,NA,NA,2,"not estimated, insufficient recent sequencing","not estimated, insufficient recent sequencing"
"35","CAN",80336,1012,38067913,1.25970922127066,2.6584068320215,0.3,43,211.033370807588,696.06,1309.2988447883,0.0369790226183224,637126,2702512,1673.65623642147,7099.18613084988,0.0256922533219489,0.0297264174960185,27,65,NA,65,"Canada",27,65,-0.529320157141049,"0.3","0.3%"
"36","CHE",184410,6483,8715494,3.51553603383764,74.3847680923193,0.05,502.9,2115.88694800318,519.23,1541.49035239746,0.0817689094088347,401715,1373676,4609.20516955206,15761.3096859455,0.109107748841841,0.13424562997388,13,13,NA,13,"Switzerland",13,13,-1.33537336122637,"0.05","0.05%"
"37","CHL",63770,325,19212362,0.509644033244472,1.69161917727763,0.92,45.4,331.921707492291,397.29,1366.69318895166,0.0680019491912697,459814,2139556,2393.32363194073,11136.3506475674,0.0189694362242124,0.0298052493134089,0,2,NA,2,"Chile",NA,2,-0.0373804099234248,"0.92","0.92%"
"38","CHN",1486,1,1444216102,0.0672947510094213,6.92417151848096e-05,95,0,0.102893188764627,49.85,62.5293540578772,0.00124446666666667,0,0,0,0,NA,Inf,0,NA,NA,0,NA,NA,NA,1.97772360528885,"minimal recent COVID cases","minimal recent COVID cases"
"39","CIV",418,0,27053629,0,0,100,0.3,1.54507922024066,15.16,44.2028205322617,0.0530514193186516,14465,63560,53.4678730162227,234.940754159082,0.00561084597303837,0.0065764631843927,0,NA,NA,0,NA,NA,NA,2,"not estimated, insufficient recent sequencing","not estimated, insufficient recent sequencing"
"40","CMR",2800,0,27224262,0,0,100,0,10.2849436285913,41.15,84.4579220974911,0.0479696880491699,0,61305,0,225.185167553853,NA,0.0456732729793655,0,NA,NA,0,NA,NA,NA,2,"not estimated, insufficient recent sequencing","not estimated, insufficient recent sequencing"
"41","COD",1537,0,92377986,0,0,100,0.9,1.66381631225431,2.5,5.13733656390616,0.128611947272905,9328,46879,10.0976438260951,50.7469387782496,0.0891297034734134,0.0327865355489665,0,NA,NA,0,NA,NA,NA,2,"not estimated, insufficient recent sequencing","not estimated, insufficient recent sequencing"
"42","COG",913,14,5657017,1.53340635268346,0.247480253285433,19.26,1.7,16.1392479464,17.85,52.146611090975,0.0662600566473788,2757,27445,48.7359327362813,485.149682244193,0.0348818603554588,0.0332665330661323,0,NA,NA,0,NA,NA,NA,1.28473784774151,"19.26","19.26%"
"43","COK",0,0,17572,NA,0,100,0,0,NA,NA,NA,NA,NA,NA,NA,NA,NA,0,NA,NA,0,NA,NA,NA,2,"not estimated, insufficient recent sequencing","not estimated, insufficient recent sequencing"
"44","COL",67507,21,51265841,0.031107885108211,0.0409629484084734,13.29,20.3,131.680274200515,279.34,556.5186997622,0.179620713682121,309356,1381474,603.434946088176,2694.72610426892,0.0336407431017986,0.0488659214722825,0,NA,NA,0,NA,NA,NA,1.12367498442105,"13.29","13.29%"
"45","COM",227,0,888456,0,0,100,3,25.5499428221544,8.86,7.15747126436782,0.731331299180986,0,0,0,0,Inf,Inf,0,NA,NA,0,NA,NA,NA,2,"not estimated, insufficient recent sequencing","not estimated, insufficient recent sequencing"
"46","CPV",197,0,561901,0,0,100,9.8,35.0595567546596,255.71,680.223021582734,0.101717591564341,3805,12555,677.165550515126,2234.37936576016,0.0144720888304862,0.0156909597769813,0,NA,NA,0,NA,NA,NA,2,"not estimated, insufficient recent sequencing","not estimated, insufficient recent sequencing"
"47","CRI",4740,1,5139053,0.0210970464135021,0.0194588380388371,95,8.6,92.2348923040879,194.2,414.346486062034,0.268968167146054,0,0,0,0,Inf,Inf,0,NA,NA,0,NA,NA,NA,1.97772360528885,"not estimated, insufficient recent sequencing","not estimated, insufficient recent sequencing"
"48","CUB",6817,0,11317498,0,0,100,4.3,60.2341612960744,478.69,914.848768429416,0.0929648003588326,0,0,0,0,Inf,Inf,0,1,NA,1,"Cuba",NA,1,2,"not estimated, insufficient recent sequencing","not estimated, insufficient recent sequencing"
"49","CUW",0,0,164796,NA,0,100,0,0,NA,NA,NA,NA,NA,NA,NA,NA,NA,0,NA,NA,0,NA,NA,NA,2,"not estimated, insufficient recent sequencing","not estimated, insufficient recent sequencing"
"50","CYM",0,0,66498,NA,0,100,0,0,NA,NA,NA,NA,NA,NA,NA,NA,NA,0,NA,NA,0,NA,NA,NA,2,"not estimated, insufficient recent sequencing","not estimated, insufficient recent sequencing"
"51","CYP",12210,0,896005,0,0,100,296.2,1362.71560984593,5361.32,7261.98425849213,0.015827677929178,0,0,0,0,Inf,Inf,0,NA,NA,0,NA,NA,NA,2,"not estimated, insufficient recent sequencing","not estimated, insufficient recent sequencing"
"52","CZE",443508,487,10724553,0.109806362004744,4.54098180129279,0.61,646.9,4135.44508568329,2964.16,4218.22037538519,0.0505216819934739,998940,3563540,9314.51408744029,33227.8650681292,0.0694507511532224,0.124457140932893,1,2,NA,2,"Czechia",1,2,-0.212361038056078,"0.61","0.61%"
"53","DEU",1496169,19676,83900471,1.31509207850183,23.4515965947319,0.02,286.1,1783.26650871841,276.83,1023.85229876826,0.0739058940978376,280861,6115408,334.754974140729,7288.88399208152,0.854654962885556,0.244655630499224,15,15,NA,15,"Germany",15,15,-1.81746687663649,"0.02","0.02%"
"54","DJI",15,0,1002197,0,0,100,0.3,1.49671172434162,85.26,252.34008097166,0.0541851174432037,2414,10505,240.870806837378,1048.19711094725,0.00124548094449047,0.0014278914802475,0,NA,NA,0,NA,NA,NA,2,"not estimated, insufficient recent sequencing","not estimated, insufficient recent sequencing"
"55","DMA",1016,0,72172,0,0,100,-47.1,1407.74815718007,1639.12,1536.59722222222,0.0558232024223799,1844,14817,2555.00748212603,20530.1224851743,-0.0184343882863341,0.0685698859418236,0,NA,NA,0,NA,NA,NA,2,"not estimated, insufficient recent sequencing","not estimated, insufficient recent sequencing"
"56","DNK",119893,29933,5813302,24.9664283986555,514.905298228098,0.01,443.9,2062.39070325264,9787.53,14571.6950966851,0.00633998464773233,0,0,0,0,Inf,Inf,5,577,NA,577,"Denmark",5,577,-1.99966897969166,"<0.01","<0.01%"
"57","DOM",19912,0,10953714,0,0,100,12.5,181.783092017922,59.85,188.012629056047,0.200647100037704,0,0,0,0,Inf,Inf,0,NA,NA,0,NA,NA,NA,2,"not estimated, insufficient recent sequencing","not estimated, insufficient recent sequencing"
"58","DZA",4605,0,44616626,0,0,100,2.1,10.3212645438496,4.46,5.25764520763495,0.919732122331958,0,0,0,0,Inf,Inf,0,NA,NA,0,NA,NA,NA,2,"not estimated, insufficient recent sequencing","not estimated, insufficient recent sequencing"
"59","ECU",10070,93,17888474,0.923535253227408,0.519887833920322,3.17,14.5,56.293231049222,29.29,116.098622683217,0.258809136036807,30405,103221,169.96978054137,577.025183925694,0.0853092823548758,0.0975576675288943,0,NA,NA,0,NA,NA,NA,0.501044040972209,"3.17","3.17%"
"60","EGY",26508,0,104258327,0,0,100,4.3,25.4253072754563,13.94,38.9632087087381,0.0917499506553496,0,0,0,0,Inf,Inf,0,NA,NA,0,NA,NA,NA,2,"not estimated, insufficient recent sequencing","not estimated, insufficient recent sequencing"
"61","ERI",554,0,3601462,0,0,100,2.8,15.3826418271247,7.13,6.68161308516638,0.317942008188072,0,0,0,0,Inf,Inf,0,NA,NA,0,NA,NA,NA,2,"not estimated, insufficient recent sequencing","not estimated, insufficient recent sequencing"
"62","ESP",214710,1744,46745211,0.812258395044479,3.73086346748975,0.17,123.1,459.319779303168,555.57,1364.92805047588,0.0822155327345784,0,1055138,0,2257.21090444966,Inf,0.203489970032356,14,14,NA,14,"Spain",14,14,-0.765416430747164,"0.17","0.17%"
"63","EST",19954,22,1325188,0.110253583241455,1.66014180629465,12.73,162.1,1505.74861830925,606.94,1212.90580256217,0.140602885570037,0,0,0,0,Inf,Inf,0,12,NA,12,"Estonia",NA,12,1.10484693379819,"12.73","12.73%"
"64","ETH",5093,0,117876226,0,0,100,0.6,4.32063374679132,16.85,33.994728784663,0.0953356686121637,38436,176998,32.6070839763737,150.155808347648,0.0184009094598814,0.02877433643318,0,NA,NA,0,NA,NA,NA,2,"not estimated, insufficient recent sequencing","not estimated, insufficient recent sequencing"
"65","FIN",31688,2,5548361,0.00631153749053269,0.0360466811730527,77.64,116.3,571.123616505847,419.13,1242.89839379173,0.0286741494721863,0,0,0,0,Inf,Inf,1,9,NA,9,"Finland",1,9,1.89008172424565,"77.64","77.64%"
"66","FJI",264,0,902899,0,0,100,3.3,29.2391507798768,349,257.822544642857,0.227553904826219,0,0,0,0,Inf,Inf,0,2,NA,2,"Fiji",NA,2,2,"not estimated, insufficient recent sequencing","not estimated, insufficient recent sequencing"
"67","FLK",0,0,3528,NA,0,100,0,0,NA,NA,NA,NA,NA,NA,NA,NA,NA,0,NA,NA,0,NA,NA,NA,2,"not estimated, insufficient recent sequencing","not estimated, insufficient recent sequencing"
"68","FRA",769900,4436,67564251,0.576178724509677,6.56560227390074,0.07,317,1139.50793297479,1057.42,2621.55905873702,0.0476451721972356,4781377,13621554,7076.78532542306,20160.8895212943,0.0447943501777835,0.0565207170929249,12,37,NA,37,"France",12,37,-1.17063517554838,"0.07","0.07%"
"69","FRO",0,0,49053,NA,0,100,0,0,3988.98,8100.42857142857,NA,0,0,0,0,NA,NA,0,NA,NA,0,NA,NA,NA,2,"not estimated, insufficient recent sequencing","not estimated, insufficient recent sequencing"
"70","GAB",1201,0,2278829,0,0,100,7.4,52.7025064188669,197.47,633.377807726864,0.0266338227064492,13287,71280,583.062616808896,3127.92227938121,0.0126916042748551,0.0168490460157127,0,NA,NA,0,NA,NA,NA,2,"not estimated, insufficient recent sequencing","not estimated, insufficient recent sequencing"
"71","GBR",1241249,140651,68207114,11.3314089276205,206.211627719654,0.01,342.1,1819.82336915765,1750.07,5238.48387001738,0.0300082855923545,959636,24244856,1406.94414955015,35545.9344020918,0.243151087489423,0.0511963857405464,451,568,NA,568,"United Kingdom",451,568,-2.67164445110384,"<0.01","<0.01%"
"72","GEO",116534,0,3979773,0,0,100,445.9,2928.15695769583,298.64,719.16746051642,0.305290894076498,0,0,0,0,Inf,Inf,0,NA,NA,0,NA,NA,NA,2,"not estimated, insufficient recent sequencing","not estimated, insufficient recent sequencing"
"73","GGY",0,0,63385,NA,0,100,0,0,NA,NA,NA,NA,NA,NA,NA,NA,NA,0,NA,NA,0,NA,NA,NA,2,"not estimated, insufficient recent sequencing","not estimated, insufficient recent sequencing"
"74","GHA",855,52,31732128,6.08187134502924,0.163871770591622,5.6,1,2.69443007415072,18.98,64.3891481350368,0.065597941586314,22113,118055,69.6864704440875,372.036189946038,0.0143499877899878,0.00724238702299776,33,33,NA,33,"Ghana",33,33,0.748049807284086,"5.6","5.6%"
"75","GIB",0,0,33691,NA,0,100,0,0,NA,NA,NA,NA,NA,NA,NA,NA,NA,0,NA,NA,0,NA,NA,NA,2,"not estimated, insufficient recent sequencing","not estimated, insufficient recent sequencing"
"76","GIN",89,0,13497237,0,0,100,0.2,0.659394215275319,32.21,38.8134470418031,0.0604193927456708,0,0,0,0,Inf,Inf,0,NA,NA,0,NA,NA,NA,2,"not estimated, insufficient recent sequencing","not estimated, insufficient recent sequencing"
"77","GLP",0,0,-Inf,NA,0,100,0,0,NA,NA,NA,NA,NA,NA,NA,NA,NA,0,NA,NA,0,NA,NA,NA,2,"not estimated, insufficient recent sequencing","not estimated, insufficient recent sequencing"
"78","GMB",25,0,2486937,0,0,100,0.2,1.00525264612654,28.47,50.4153909805544,0.0820490094703498,0,2574,0,103.500812445189,Inf,0.00971250971250971,0,NA,NA,0,NA,NA,NA,2,"not estimated, insufficient recent sequencing","not estimated, insufficient recent sequencing"
"79","GNB",294,0,2015490,0,0,100,0.1,14.5870235029695,18.02,54.717987804878,0.0598504898546687,855,4342,42.4214459014929,215.431483162903,0.00235729824561404,0.0677107323813911,0,NA,NA,0,NA,NA,NA,2,"not estimated, insufficient recent sequencing","not estimated, insufficient recent sequencing"
"80","GNQ",140,0,1449891,0,0,100,0,9.65589827097347,61.54,185.697077690663,0.0521968426264619,1950,15258,134.492868774273,1052.35497013224,0,0.00917551448420501,0,NA,NA,0,NA,NA,NA,2,"not estimated, insufficient recent sequencing","not estimated, insufficient recent sequencing"
"81","GRC",186163,249,10370747,0.133753753431133,2.40098422996916,1.2,260.8,1795.07802089859,3522.31,3764.22891681857,0.0250876026180797,2552178,11302805,24609.3940966837,108987.375740629,0.0105975790779483,0.0164705132929392,1,3,NA,3,"Greece",1,3,0.0776937603153699,"1.2","1.2%"
"82","GRD",46,0,113015,0,0,100,8,40.7025616068663,88.97,212.29203539823,0.246362916336654,0,0,0,0,Inf,Inf,0,NA,NA,0,NA,NA,NA,2,"not estimated, insufficient recent sequencing","not estimated, insufficient recent sequencing"
"83","GRL",0,0,56868,NA,0,100,0,0,1323.33,919.578947368421,NA,0,0,0,0,NA,NA,0,NA,NA,0,NA,NA,NA,2,"not estimated, insufficient recent sequencing","not estimated, insufficient recent sequencing"
"84","GTM",14686,0,18249868,0,0,100,9.4,80.4718149194285,69.74,145.97549676267,0.237392923251164,0,0,0,0,Inf,Inf,0,NA,NA,0,NA,NA,NA,2,"not estimated, insufficient recent sequencing","not estimated, insufficient recent sequencing"
"85","GUF",0,36,-Inf,Inf,0,7.98,0,0,NA,NA,NA,NA,NA,NA,NA,NA,NA,0,NA,NA,0,NA,NA,NA,0.902255935760886,"7.98","7.98%"
"86","GUY",2004,0,790329,0,0,100,29.6,253.565287367666,145.73,239.97331639136,0.202971529024299,0,0,0,0,Inf,Inf,0,NA,NA,0,NA,NA,NA,2,"not estimated, insufficient recent sequencing","not estimated, insufficient recent sequencing"
"87","HKG",103,28,7552800,27.1844660194175,0.370723440313526,10.15,0.3,1.36373265543904,1183.81,3806.79578498066,NA,49194,1262378,651.334604385129,16714.0398262896,0.00046059275521405,8.15920429538538e-05,14,13,NA,14,"Hong Kong SAR China",14,14,1.00631940812115,"10.15","10.15%"
"88","HND",1656,0,10062994,0,0,100,3.9,16.4563349635307,33.38,104.720646138314,0.36466433616323,0,0,0,0,Inf,Inf,0,NA,NA,0,NA,NA,NA,2,"not estimated, insufficient recent sequencing","not estimated, insufficient recent sequencing"
"89","HRV",132458,156,4081657,0.117773180932824,3.82197720190599,1.9,386.4,3245.2016423722,287.09,864.346894031669,0.180313425836155,72212,361840,1769.18344682074,8865.02712011323,0.218405841799147,0.366067875304002,1,3,NA,3,"Croatia",1,3,0.279215104999667,"1.9","1.9%"
"90","HTI",1405,0,11541683,0,0,100,2.5,12.1732679714042,0,0,NA,0,0,0,0,Inf,Inf,0,NA,NA,0,NA,NA,NA,2,"not estimated, insufficient recent sequencing","not estimated, insufficient recent sequencing"
"91","HUN",251881,0,9634162,0,0,100,385.6,2614.45676333863,375.84,900.804968944099,0.134309134135377,241120,1115393,2502.76048918422,11577.4781449596,0.154069876708693,0.225822647264238,0,NA,NA,0,NA,NA,NA,2,"not estimated, insufficient recent sequencing","not estimated, insufficient recent sequencing"
"92","IDN",9667,35,276361788,0.362056480811006,0.0126645583867767,8.2,0.4,3.49795102642772,98.61,208.049132800047,0.0748305582544792,2028809,8324847,734.113429603372,3012.30031121379,0.000544874925140809,0.00116122254258847,0,NA,NA,0,NA,NA,NA,0.913981372241466,"8.2","8.2%"
"93","IMN",0,0,85410,NA,0,100,0,0,NA,NA,NA,NA,NA,NA,NA,NA,NA,0,NA,NA,0,NA,NA,NA,2,"not estimated, insufficient recent sequencing","not estimated, insufficient recent sequencing"
"94","IND",279709,340,1393409033,0.121554901701411,0.0244005881939765,0.88,2.9,20.0737180092617,161.31,472.426258909394,0.0531731486264439,7994927,35212435,573.767415787953,2527.07095806519,0.00505431281073611,0.00794347224212128,6,23,NA,23,"India",6,23,-0.0568877934516756,"0.88","0.88%"
"95","IRL",130179,281,4982904,0.215856628181197,5.63928183244148,1.06,494.9,2612.51270343559,756.97,1870.1567436209,0.0657133631205499,225938,930916,4534.26355394364,18682.1981719897,0.109146721206703,0.139839684783589,2,2,NA,2,"Ireland",2,2,0.0254837349543688,"1.06","1.06%"
"96","IRN",145180,0,85028760,0,0,100,18.5,170.742228864681,158.11,473.131022823331,0.154622327992762,760532,3359292,894.440892705009,3950.77148014389,0.0206833119447965,0.043217439865305,0,NA,NA,0,NA,NA,NA,2,"not estimated, insufficient recent sequencing","not estimated, insufficient recent sequencing"
"97","IRQ",21575,0,41179351,0,0,100,6.8,52.3927635479248,808.92,652.291276135544,0.0795130195731908,0,0,0,0,Inf,Inf,0,NA,NA,0,NA,NA,NA,2,"not estimated, insufficient recent sequencing","not estimated, insufficient recent sequencing"
"98","ISL",4194,0,343360,0,0,100,165.1,1221.45852749301,1021.41,1620.4633431085,0.034196077295875,0,0,0,0,Inf,Inf,0,12,4,12,"Iceland",NA,12,2,"not estimated, insufficient recent sequencing","not estimated, insufficient recent sequencing"
"99","ISR",12708,2879,9291000,22.655020459553,30.9869766440641,0.1,30.2,136.777526638683,915.81,1965.49803604436,0.0792453526645045,0,0,0,0,Inf,Inf,12,21,NA,21,"Israel",12,21,-0.982964598828814,"0.1","0.1%"
"100","ITA",321724,3016,60367471,0.937449490867949,4.99606816392888,0.1,122.4,532.942650521172,881.55,2044.62717078496,0.0416774818720333,3973256,16503930,6581.78309308336,27339.1111580606,0.0185967842253306,0.01949378117818,7,13,NA,13,"Italy",7,13,-1.00314400916604,"0.1","0.1%"
"101","JAM",1808,0,2973462,0,0,100,8.4,60.804543659882,82.9,199.917933130699,0.154703804499313,0,0,0,0,Inf,Inf,0,NA,NA,0,NA,NA,NA,2,"not estimated, insufficient recent sequencing","not estimated, insufficient recent sequencing"
"102","JEY",0,0,101073,NA,0,100,0,0,NA,NA,NA,NA,NA,NA,NA,NA,NA,0,NA,NA,0,NA,NA,NA,2,"not estimated, insufficient recent sequencing","not estimated, insufficient recent sequencing"
"103","JOR",109793,43,10269022,0.0391646097656499,0.418735104472461,6.73,238.6,1069.16705407779,420.65,1226.24973047143,0.0793945470324486,310920,966046,3027.74694610645,9407.38076128379,0.0788044721857713,0.113651937899437,0,NA,NA,0,NA,NA,NA,0.827994113132562,"6.73","6.73%"
"104","JPN",3600,67,126050796,1.86111111111111,0.0531531748518272,4.37,0.4,2.85599148457579,94.63,218.385345836364,0.0625442583327133,304941,1384903,241.919138693896,1098.68643748985,0.0016534450401881,0.00259946003438508,3,4,NA,4,"Japan",3,4,0.640755192542123,"4.37","4.37%"
"105","KAZ",29214,0,18994958,0,0,100,19,153.798708057159,277.26,600.522873728498,0.0940866713763671,0,0,0,0,Inf,Inf,0,NA,NA,0,NA,NA,NA,2,"not estimated, insufficient recent sequencing","not estimated, insufficient recent sequencing"
"106","KEN",1691,8,54985702,0.473092844470727,0.0145492368179641,31.23,0.5,3.07534493239715,14.77,53.252217738186,0.0892818914411937,29480,131860,53.6139376741976,239.807795852093,0.00932593317503392,0.0128242074927954,0,NA,NA,0,NA,NA,NA,1.49463313724616,"31.23","31.23%"
"107","KGZ",1830,0,6628347,0,0,100,3.8,27.6086933891663,343.93,467.902053954629,0.0601927607119586,0,0,0,0,Inf,Inf,0,NA,NA,0,NA,NA,NA,2,"not estimated, insufficient recent sequencing","not estimated, insufficient recent sequencing"
"108","KHM",1126,188,16946446,16.696269982238,1.10937715199989,1.58,0.6,6.64446102740362,90.12,163.384891440876,0.0440396070920241,13426,80362,79.2260512912265,474.211524941572,0.00757326649784001,0.0140115975212165,0,NA,NA,0,NA,NA,NA,0.198889557508682,"1.58","1.58%"
"109","KIR",0,0,121388,NA,0,100,0,0,0,0,NA,0,0,0,0,NA,NA,0,NA,NA,0,NA,NA,NA,2,"not estimated, insufficient recent sequencing","not estimated, insufficient recent sequencing"
"110","KNA",74,0,53546,0,0,100,7.5,138.198931759609,482.26,690.603773584906,0.076252663788864,0,0,0,0,Inf,Inf,0,NA,NA,0,NA,NA,NA,2,"not estimated, insufficient recent sequencing","not estimated, insufficient recent sequencing"
"111","KOR",106077,3,51305184,0.00282813427981561,0.00584736232502353,63.16,62.1,206.756884450507,95.55,308.257719089508,0.0314212830686282,0,0,0,0,Inf,Inf,3,60,NA,60,"South Korea",3,60,1.80043995545281,"63.16","63.16%"
"112","KWT",686,0,4328553,0,0,100,3.1,15.8482522912391,1014.75,1277.59072816671,0.0757960557784257,141484,544915,3268.62117663801,12588.8489756277,0.000948412138475022,0.00125891194039437,0,1,NA,1,"Kuwait",NA,1,2,"not estimated, insufficient recent sequencing","not estimated, insufficient recent sequencing"
"113","LAO",34240,0,7379358,0,0,100,75.7,463.99700353337,37.1,41.9204233095107,0.273073606698731,0,0,0,0,Inf,Inf,0,NA,NA,0,NA,NA,NA,2,"not estimated, insufficient recent sequencing","not estimated, insufficient recent sequencing"
"114","LBN",34463,0,6769151,0,0,100,108.3,509.118499498682,283.49,693.241904761905,0.14442437041571,0,0,0,0,Inf,Inf,0,NA,NA,0,NA,NA,NA,2,"not estimated, insufficient recent sequencing","not estimated, insufficient recent sequencing"
"115","LBR",14,0,5180208,0,0,100,0.1,0.270259418154638,21.09,27.644128113879,0.0423031811420071,0,0,0,0,Inf,Inf,0,NA,NA,0,NA,NA,NA,2,"not estimated, insufficient recent sequencing","not estimated, insufficient recent sequencing"
"116","LBY",14160,0,6958538,0,0,100,30.6,203.491020671296,118.1,271.780235773541,0.20155167446538,0,86055,0,1236.6821881263,Inf,0.164545929928534,0,NA,NA,0,NA,NA,NA,2,"not estimated, insufficient recent sequencing","not estimated, insufficient recent sequencing"
"117","LCA",304,0,184401,0,0,100,19,164.85810814475,143.13,325.027173913043,0.218493437003595,0,0,0,0,Inf,Inf,0,NA,NA,0,NA,NA,NA,2,"not estimated, insufficient recent sequencing","not estimated, insufficient recent sequencing"
"118","LIE",1315,35,38254,2.66159695817491,91.4937000052282,8.2,637.8,3437.54901448215,0,0,NA,0,0,0,0,Inf,Inf,0,1,NA,1,"Liechtenstein",NA,1,0.913981372241466,"8.2","8.2%"
"119","LKA",23236,131,21497306,0.563780340850405,0.609378682147428,2.26,17.2,108.087962277692,71.64,111.369028160463,0.238989074303542,0,0,0,0,Inf,Inf,1,1,NA,1,"Sri Lanka",1,1,0.354275402302217,"2.26","2.26%"
"120","LSO",153,0,2159067,0,0,100,1.4,7.08639426196593,100.82,101.356676003735,0.100586810129614,0,0,0,0,Inf,Inf,0,NA,NA,0,NA,NA,NA,2,"not estimated, insufficient recent sequencing","not estimated, insufficient recent sequencing"
"121","LTU",53917,412,2689862,0.764137470556596,15.3167708975405,0.72,307.6,2004.45227301624,742.86,2331.659808964,0.0763437763224112,0,390899,0,14532.306861839,Inf,0.137930769840803,0,NA,NA,0,NA,NA,NA,-0.139972181036593,"0.72","0.72%"
"122","LUX",8614,671,634814,7.78964476433713,105.700252357383,0.45,247.6,1356.93289688003,1694.61,5948.67891373802,0.0248596018177849,29382,109732,4628.44234689216,17285.6931321615,0.0534953190388673,0.0785003462982539,1,1,NA,1,"Luxembourg",1,1,-0.351188632239683,"0.45","0.45%"
"123","LVA",26172,0,1866934,0,0,100,161.6,1401.8706606661,907.58,1928.82926829268,0.0712565273469585,0,0,0,0,Inf,Inf,0,2,NA,2,"Latvia",NA,2,2,"not estimated, insufficient recent sequencing","not estimated, insufficient recent sequencing"
"124","MAC",0,0,658391,NA,0,100,0,0,NA,NA,NA,NA,NA,NA,NA,NA,NA,0,NA,NA,0,NA,NA,NA,2,"not estimated, insufficient recent sequencing","not estimated, insufficient recent sequencing"
"125","MAR",3350,0,37344787,0,0,100,1.5,8.97046219596861,101.76,259.410771856628,0.0993143578178885,81400,349943,217.968842612491,937.059836490699,0.00688171750614251,0.00957298760083785,0,NA,NA,0,NA,NA,NA,2,"not estimated, insufficient recent sequencing","not estimated, insufficient recent sequencing"
"126","MCO",503,0,39520,0,0,100,308.7,1272.77327935223,0,0,NA,0,0,0,0,Inf,Inf,0,NA,NA,0,NA,NA,NA,2,"not estimated, insufficient recent sequencing","not estimated, insufficient recent sequencing"
"127","MDA",20234,0,4024025,0,0,100,54,502.829878044992,479.35,292.149479424888,0.312209012745528,0,0,0,0,Inf,Inf,0,NA,NA,0,NA,NA,NA,2,"not estimated, insufficient recent sequencing","not estimated, insufficient recent sequencing"
"128","MDG",1168,0,28427333,0,0,100,1.7,4.10872170104737,4.55,8.50406269184934,0.190244855320486,0,0,0,0,Inf,Inf,0,NA,NA,0,NA,NA,NA,2,"not estimated, insufficient recent sequencing","not estimated, insufficient recent sequencing"
"129","MDV",3535,73,543620,2.06506364922206,13.4284978477613,4.02,111.8,650.270409477208,2230.04,3091.29574861368,0.0553871672354133,0,17251,0,3173.35638865384,Inf,0.204915657063359,1,1,NA,1,"Maldives",1,1,0.604299447545548,"4.02","4.02%"
"130","MEX",75229,564,130262220,0.749710882771272,0.43297281437396,0.53,8.3,57.7519713697494,33.81,92.8897101595402,0.32608049280306,115214,535604,88.4477479348962,411.173707925445,0.0938407160588123,0.140456381953832,1,1,NA,1,"Mexico",1,1,-0.275928990665076,"0.53","0.53%"
"131","MHL",0,0,59618,NA,0,100,0,0,NA,NA,NA,NA,NA,NA,NA,NA,NA,0,NA,NA,0,NA,NA,NA,2,"not estimated, insufficient recent sequencing","not estimated, insufficient recent sequencing"
"132","MKD",11542,12,2082661,0.10396811644429,0.576185946728728,22.09,69.5,554.194849761915,280.8,707.384541526644,0.148080533050285,7881,76783,378.410120514092,3686.77379563933,0.183663163938586,0.150319732232395,0,NA,NA,0,NA,NA,NA,1.34423934355552,"22.09","22.09%"
"133","MLI",1706,0,20855724,0,0,100,2.6,8.18000851948367,7.03,24.8596118710187,0.0362571310524559,9182,37284,44.0262826646536,178.771065439876,0.0590556331953823,0.0457568930372278,0,NA,NA,0,NA,NA,NA,2,"not estimated, insufficient recent sequencing","not estimated, insufficient recent sequencing"
"134","MLT",2170,0,516100,0,0,100,83.9,420.46115093974,866.54,2740.85067873303,0.0331733055100639,0,0,0,0,Inf,Inf,0,NA,NA,0,NA,NA,NA,2,"not estimated, insufficient recent sequencing","not estimated, insufficient recent sequencing"
"135","MMR",17190,0,54806014,0,0,100,3,31.3651709828779,45.82,105.401562212829,0.0916150397766377,136812,714291,249.629538831268,1303.30769904193,0.0120178085255679,0.0240658219129178,0,NA,NA,0,NA,NA,NA,2,"not estimated, insufficient recent sequencing","not estimated, insufficient recent sequencing"
"136","MNE",9841,3,628051,0.0304847068387359,0.477668214842425,63.16,154.3,1566.91096742144,288.77,699.226114649682,0.362170188151596,0,0,0,0,Inf,Inf,0,NA,NA,0,NA,NA,NA,1.80043995545281,"63.16","63.16%"
"137","MNG",16566,0,3329282,0,0,100,37.8,497.584764522801,0,0,NA,0,0,0,0,Inf,Inf,0,NA,NA,0,NA,NA,NA,2,"not estimated, insufficient recent sequencing","not estimated, insufficient recent sequencing"
"138","MOZ",749,0,32163045,0,0,100,1.5,2.32875960593905,15.68,31.6566629339306,0.153953441833623,10668,39611,33.1685013032815,123.156871496464,0.0452236290776153,0.01890888894499,0,NA,2,0,"Mozambique",NA,NA,2,"not estimated, insufficient recent sequencing","not estimated, insufficient recent sequencing"
"139","MRT",1866,0,4775110,0,0,100,4.5,39.0776338136713,53.81,143.010537634409,0.0596527212822876,14035,56570,293.919930640341,1184.68475071778,0.0153102921268258,0.0329856814566024,0,NA,NA,0,NA,NA,NA,2,"not estimated, insufficient recent sequencing","not estimated, insufficient recent sequencing"
"140","MSR",0,0,4981,NA,0,100,0,0,NA,NA,NA,NA,NA,NA,NA,NA,NA,0,NA,NA,0,NA,NA,NA,2,"not estimated, insufficient recent sequencing","not estimated, insufficient recent sequencing"
"141","MTQ",0,0,-Inf,NA,0,100,0,0,NA,NA,NA,NA,NA,NA,NA,NA,NA,0,NA,NA,0,NA,NA,NA,2,"not estimated, insufficient recent sequencing","not estimated, insufficient recent sequencing"
"142","MUS",3625,0,1273428,0,0,100,31.1,284.664700320709,391.38,282.725628930818,0.0616082774652626,0,0,0,0,Inf,Inf,0,NA,NA,0,NA,NA,NA,2,"not estimated, insufficient recent sequencing","not estimated, insufficient recent sequencing"
"143","MWI",197,0,19647681,0,0,100,0.4,1.00266285878725,13.13,23.3813382122321,0.1387325754273,5574,18474,28.3697602785794,94.0263637220087,0.0140995199138859,0.0106636353794522,0,NA,NA,0,NA,NA,NA,2,"not estimated, insufficient recent sequencing","not estimated, insufficient recent sequencing"
"144","MYS",157147,114,32776195,0.0725435420338918,0.347813405430374,2.59,73.1,479.454677396202,284.15,417.80139652722,0.197671077074163,0,0,0,0,Inf,Inf,1,1,NA,1,"Malaysia",1,1,0.413904370808339,"2.59","2.59%"
"145","MYT",0,3,-Inf,Inf,0,63.16,0,0,NA,NA,NA,NA,NA,NA,NA,NA,NA,0,NA,NA,0,NA,NA,NA,1.80043995545281,"63.16","63.16%"
"146","NAM",1037,0,2587344,0,0,100,31.2,40.0797110859631,141.67,316.097992916175,0.161915077719885,12686,43884,490.309753940721,1696.10225775931,0.0636332435755951,0.0236304803573056,0,18,NA,18,"Namibia",NA,18,2,"not estimated, insufficient recent sequencing","not estimated, insufficient recent sequencing"
"147","NCL",0,0,288217,NA,0,100,0,0,67.7,140.621052631579,NA,0,0,0,0,NA,NA,0,NA,NA,0,NA,NA,NA,2,"not estimated, insufficient recent sequencing","not estimated, insufficient recent sequencing"
"148","NER",588,0,25130810,0,0,100,0.2,2.33975745310239,2.52,7.9374974181022,0.0370505300739553,3801,17527,15.1248606789833,69.7430763274244,0.0132232622993949,0.033548239858504,0,NA,NA,0,NA,NA,NA,2,"not estimated, insufficient recent sequencing","not estimated, insufficient recent sequencing"
"149","NGA",2131,38,211400704,1.78320037541061,0.0179753422202416,7.58,0.3,1.00803827029829,52.77,29.3023236635296,0.0356209318584374,0,0,0,0,Inf,Inf,6,6,NA,6,"Nigeria",6,6,0.879713043573671,"7.58","7.58%"
"150","NIC",629,0,6702379,0,0,100,1.1,9.38472742290461,0,0,NA,0,0,0,0,Inf,Inf,0,NA,NA,0,NA,NA,NA,2,"not estimated, insufficient recent sequencing","not estimated, insufficient recent sequencing"
"151","NIU",0,0,1614,NA,0,100,0,0,NA,NA,NA,NA,NA,NA,NA,NA,NA,0,NA,NA,0,NA,NA,NA,2,"not estimated, insufficient recent sequencing","not estimated, insufficient recent sequencing"
"152","NLD",579487,1337,17173094,0.230721310400406,7.7854345873842,0.22,619.3,3374.38902972289,474.07,859.176247446746,0.193629052060575,0,0,0,0,Inf,Inf,27,36,NA,36,"Netherlands",27,36,-0.650114866479423,"0.22","0.22%"
"153","NOR",76367,191,5465629,0.250108030955779,3.49456576727034,1.56,347.5,1397.2225337651,481.11,1618.23870134662,0.03419936820545,144492,518762,2643.64815101793,9491.35040084133,0.131447144305567,0.147210088634094,14,33,182,33,"Norway",14,33,0.192068244794286,"1.56","1.56%"
"154","NPL",8173,6,29674920,0.0734124556466414,0.0202190941037078,39.3,3.9,27.5417760182673,65.19,160.907025431582,0.175617722916473,52549,224935,177.08219600929,757.996988702918,0.0220236708595787,0.0363349412052371,0,2,NA,2,"Nepal",NA,2,1.59443428594509,"39.3","39.3%"
"155","NRU",0,0,10873,NA,0,100,0,0,NA,NA,NA,NA,NA,NA,NA,NA,NA,0,NA,NA,0,NA,NA,NA,2,"not estimated, insufficient recent sequencing","not estimated, insufficient recent sequencing"
"156","NZL",4742,278,5122600,5.86250527203712,5.42693163627845,1.07,10.2,92.570179205872,580.88,1072.56304437993,0.00244068958036497,194989,866346,3806.44594541834,16912.2320696521,0.00267966500674397,0.0054735636801001,0,NA,NA,0,NA,NA,NA,0.0301203215552359,"1.07","1.07%"
"157","OMN",256,0,5223376,0,0,100,1,4.90104484149715,77.59,99.8549050323086,0.597408811296594,0,0,0,0,Inf,Inf,0,NA,NA,0,NA,NA,NA,2,"not estimated, insufficient recent sequencing","not estimated, insufficient recent sequencing"
"158","PAK",10143,12,225199929,0.118308192842354,0.00532859848281746,22.09,0.7,4.50399786760146,26.12,101.340686851493,0.0575400059690833,315422,1241272,140.063099220604,551.18667466365,0.00499774747164117,0.00817145637700681,0,1,NA,1,"Pakistan",NA,1,1.34423934355552,"22.09","22.09%"
"159","PAN",5709,0,4381583,0,0,100,21.8,130.295374982056,302.19,808.53302433372,0.137457077177957,0,0,0,0,Inf,Inf,0,NA,NA,0,NA,NA,NA,2,"not estimated, insufficient recent sequencing","not estimated, insufficient recent sequencing"
"160","PCN",0,0,47,NA,0,100,0,0,NA,NA,NA,NA,NA,NA,NA,NA,NA,0,NA,NA,0,NA,NA,NA,2,"not estimated, insufficient recent sequencing","not estimated, insufficient recent sequencing"
"161","PER",38743,51,33359415,0.131636682755595,0.152880378747649,5.7,21.6,116.138127721964,187.53,623.421205871649,0.109296252613176,219345,1257380,657.520523066726,3769.19079666115,0.0328506856322232,0.0308124830997789,0,NA,NA,0,NA,NA,NA,0.756240060769658,"5.7","5.7%"
"162","PHL",29860,0,111046910,0,0,100,1.5,26.889537043399,72.12,223.879942690795,0.115582863367479,243658,1239874,219.418982482268,1116.53174320654,0.00683623624096069,0.024083092314219,0,NA,NA,0,NA,NA,NA,2,"not estimated, insufficient recent sequencing","not estimated, insufficient recent sequencing"
"163","PLW",0,0,18174,NA,0,100,0,0,0,0,NA,0,0,0,0,NA,NA,0,NA,NA,0,NA,NA,NA,2,"not estimated, insufficient recent sequencing","not estimated, insufficient recent sequencing"
"164","PNG",3871,0,9119005,0,0,100,3.4,42.4498067497496,14.99,27.8472113557617,0.143295778831141,0,29742,0,326.154004740649,Inf,0.130152646089705,0,NA,NA,0,NA,NA,NA,2,"not estimated, insufficient recent sequencing","not estimated, insufficient recent sequencing"
"165","POL",592506,2201,37797000,0.371473031496727,5.82321348255152,0.14,284.5,1567.60060322248,219.79,543.002906439084,0.18162538901333,0,0,0,0,Inf,Inf,0,NA,NA,0,NA,NA,NA,-0.866412565148063,"0.14","0.14%"
"166","PRT",74295,1214,10167923,1.63402651591628,11.9395081965117,0.25,173.1,730.680198896077,633.68,1784.8263214671,0.0647095688684438,0,0,0,0,Inf,Inf,13,37,NA,37,"Portugal",13,37,-0.608251422688798,"0.25","0.25%"
"167","PRY",2066,0,7219641,0,0,100,3.9,28.6163813408451,111.74,276.574653021169,0.234933777100345,17933,65808,248.391852171043,911.513467220877,0.015700998104054,0.0313943593484075,0,NA,NA,0,NA,NA,NA,2,"not estimated, insufficient recent sequencing","not estimated, insufficient recent sequencing"
"168","PSE",6932,0,5222756,0,0,100,28,132.726859152524,242.23,542.925700842972,0.167165198753261,28595,104329,547.507867493714,1997.58518299534,0.051140817625459,0.0664436542092803,0,NA,NA,0,NA,NA,NA,2,"not estimated, insufficient recent sequencing","not estimated, insufficient recent sequencing"
"169","PYF",0,0,282534,NA,0,100,0,0,33.29,32.491103202847,NA,0,0,0,0,NA,NA,0,NA,NA,0,NA,NA,NA,2,"not estimated, insufficient recent sequencing","not estimated, insufficient recent sequencing"
"170","QAT",4298,0,2930524,0,0,100,26.9,146.66319061028,226.34,1054.84206872614,0.0805225403093123,39465,168670,1346.68748660649,5755.62595631361,0.0199749387051818,0.0254817098476315,0,NA,NA,0,NA,NA,NA,2,"not estimated, insufficient recent sequencing","not estimated, insufficient recent sequencing"
"171","REU",0,54,-Inf,Inf,0,5.4,0,0,NA,NA,NA,NA,NA,NA,NA,NA,NA,2,2,NA,2,"RÃ©union",2,2,0.732118354727317,"5.4","5.4%"
"172","ROU",77123,7,19127772,0.00907641040934611,0.0365960029218249,34.82,33,403.199076191414,320.22,846.12069861732,0.109938277407024,211685,1184616,1106.68926835807,6193.17294246293,0.0298186681153601,0.0651037973486767,2,2,1,2,"Romania",2,2,1.54178343306557,"34.82","34.82%"
"173","RUS",1002593,96,145912022,0.00957517158009282,0.0657930708410031,3.07,108.8,687.12158618431,397.78,1568.10059341894,0.0424867738564642,3807068,16572056,2609.15306896371,11357.5672332195,0.0416993549723829,0.0604990111064071,2,2,NA,2,"Russia",2,2,0.487473188343873,"3.07","3.07%"
"174","RWA",471,0,13276517,0,0,100,0.5,3.54761719508211,118.94,276.261812847437,0.028077133865248,95130,370776,716.52828825512,2792.72041002923,0.000697809155891937,0.0012703087578484,0,NA,NA,0,NA,NA,NA,2,"not estimated, insufficient recent sequencing","not estimated, insufficient recent sequencing"
"175","SAU",1024,6,35340680,0.5859375,0.0169776020155809,39.3,0.5,2.89751074399248,291.72,914.167174125352,0.0172829189988404,292464,1202127,827.556232647476,3401.53896303071,0.000604188549701844,0.00085182347622173,0,1,NA,1,"Saudi Arabia",NA,1,1.59443428594509,"39.3","39.3%"
"176","SDN",3737,0,44909351,0,0,100,1.5,8.32120686847601,5.61,12.8381719081393,0.0788821563893907,0,0,0,0,Inf,Inf,0,NA,NA,0,NA,NA,NA,2,"not estimated, insufficient recent sequencing","not estimated, insufficient recent sequencing"
"177","SEN",97,7,17196308,7.21649484536082,0.0407064120972944,34.82,0.2,0.564074567633936,19.31,53.3481247013856,0.0828906668935507,8762,36896,50.9527975423562,214.55768296311,0.00392520155215704,0.00262901127493495,1,3,NA,3,"Senegal",1,3,1.54178343306557,"34.82","34.82%"
"178","SGP",49785,682,5453600,1.36989052927589,12.5055009534986,0.44,63,912.883233093736,1278.43,3266.35811965812,0.0141979396798075,0,0,0,0,Inf,Inf,6,6,NA,6,"Singapore",6,6,-0.358234861640503,"0.44","0.44%"
"179","SHN",0,0,6095,NA,0,100,0,0,NA,NA,NA,NA,NA,NA,NA,NA,NA,0,NA,NA,0,NA,NA,NA,2,"not estimated, insufficient recent sequencing","not estimated, insufficient recent sequencing"
"180","SLB",0,0,703995,NA,0,100,0,0,NA,NA,NA,NA,NA,NA,NA,NA,NA,0,NA,NA,0,NA,NA,NA,2,"not estimated, insufficient recent sequencing","not estimated, insufficient recent sequencing"
"181","SLE",7,0,8141343,0,0,100,0,0.0859809002028289,10.27,32.588441770089,0.0246385954654213,0,10597,0,130.16279992134,NA,0.000660564310653959,0,NA,NA,0,NA,NA,NA,2,"not estimated, insufficient recent sequencing","not estimated, insufficient recent sequencing"
"182","SLV",3545,0,6518500,0,0,100,0,54.3836772263558,337.26,279.212765957447,0.0661539039213153,0,0,0,0,NA,Inf,0,NA,NA,0,NA,NA,NA,2,"not estimated, insufficient recent sequencing","not estimated, insufficient recent sequencing"
"183","SMR",710,0,34010,0,0,100,558.7,2087.62128785651,1637.06,2624.91176470588,0.0706802469550797,0,0,0,0,Inf,Inf,0,NA,NA,0,NA,NA,NA,2,"not estimated, insufficient recent sequencing","not estimated, insufficient recent sequencing"
"184","SOM",358,0,16359500,0,0,100,0.2,2.18833093920963,23.24,23.0462467753099,0.0629337599720428,0,21256,0,129.930621351508,Inf,0.0168423033496425,0,NA,NA,0,NA,NA,NA,2,"not estimated, insufficient recent sequencing","not estimated, insufficient recent sequencing"
"185","SRB",79739,0,6871547,0,0,100,118,1160.42282763983,212.91,614.477738354126,0.236330748718682,0,0,0,0,Inf,Inf,0,NA,NA,0,NA,NA,NA,2,"not estimated, insufficient recent sequencing","not estimated, insufficient recent sequencing"
"186","SSD",312,0,11381377,0,0,100,0.4,2.74132031651355,14.4,27.2311952831874,0.0421289522547289,4671,19398,41.0407282001115,170.43631890939,0.00974641575679726,0.0160841323847819,0,NA,NA,0,NA,NA,NA,2,"not estimated, insufficient recent sequencing","not estimated, insufficient recent sequencing"
"187","STP",4,0,223364,0,0,100,0.4,1.79079887537831,130.44,131.579908675799,0.129546085508051,70,912,31.3389803191204,408.302143586254,0.0127636571428571,0.0043859649122807,0,NA,NA,0,NA,NA,NA,2,"not estimated, insufficient recent sequencing","not estimated, insufficient recent sequencing"
"188","SUR",1450,0,591798,0,0,100,20.8,245.016035877107,0,0,NA,0,0,0,0,Inf,Inf,0,NA,NA,0,NA,NA,NA,2,"not estimated, insufficient recent sequencing","not estimated, insufficient recent sequencing"
"189","SVK",292945,1013,5460726,0.345798699414566,18.5506469286318,0.3,950.8,5364.57972804349,17251.35,7612.66684981685,0.0301956246482481,0,0,0,0,Inf,Inf,0,NA,NA,0,NA,NA,NA,-0.529748455758258,"0.3","0.3%"
"190","SVN",75531,752,2078723,0.995617693397413,36.1760561652515,0.4,361,3633.52885401278,3345.26,3450.71524771525,0.0605905712501901,0,0,0,0,Inf,Inf,0,NA,NA,0,NA,NA,NA,-0.400579601783401,"0.4","0.4%"
"191","SWE",42463,4257,10160159,10.0251984080258,41.8989505971314,0.07,94.7,417.936372846134,476.54,936.943756807605,0.129239779987624,0,0,0,0,Inf,Inf,7,13,NA,13,"Sweden",7,13,-1.15275345370503,"0.07","0.07%"
"192","SWZ",1898,0,1172369,0,0,100,122.9,161.894420613305,148.87,353.106896551724,0.12024540775969,6104,20854,520.655186208438,1778.79148971015,0.236048738695937,0.0910137143953198,0,NA,NA,0,NA,NA,NA,2,"not estimated, insufficient recent sequencing","not estimated, insufficient recent sequencing"
"193","SXM",0,0,43421,NA,0,100,0,0,NA,NA,NA,NA,NA,NA,NA,NA,NA,0,NA,NA,0,NA,NA,NA,2,"not estimated, insufficient recent sequencing","not estimated, insufficient recent sequencing"
"194","SYC",1248,0,98910,0,0,100,153.7,1261.75310888687,338.74,219.428571428571,NA,0,0,0,0,Inf,Inf,0,NA,NA,0,NA,NA,NA,2,"not estimated, insufficient recent sequencing","not estimated, insufficient recent sequencing"
"195","SYR",3705,0,18275704,0,0,100,2.4,20.2728168501744,0,0,NA,0,0,0,0,Inf,Inf,0,NA,NA,0,NA,NA,NA,2,"not estimated, insufficient recent sequencing","not estimated, insufficient recent sequencing"
"196","TCA",0,0,39226,NA,0,100,0,0,NA,NA,NA,NA,NA,NA,NA,NA,NA,0,NA,NA,0,NA,NA,NA,2,"not estimated, insufficient recent sequencing","not estimated, insufficient recent sequencing"
"197","TCD",596,0,16914985,0,0,100,3.5,3.52350297679838,3.4,10.9793619870936,0.0316223724264889,1716,8605,10.1448508526611,50.8720522069632,0.345002607808858,0.0692620569436374,0,NA,NA,0,NA,NA,NA,2,"not estimated, insufficient recent sequencing","not estimated, insufficient recent sequencing"
"198","TGO",204,0,8478242,0,0,100,0.5,2.40615920140048,23.7,70.9004710713854,0.0448904145761817,7004,31843,82.6114659147498,375.58493848135,0.00605242861222159,0.00640643155481582,0,NA,NA,0,NA,NA,NA,2,"not estimated, insufficient recent sequencing","not estimated, insufficient recent sequencing"
"199","THA",173175,40,69950844,0.0230980222318464,0.0571830126881671,7.22,32.9,247.566705556834,69.69,87.5915042979943,0.352735829105118,0,0,0,0,Inf,Inf,3,1,2,3,"Thailand",3,3,0.858281625531165,"7.22","7.22%"
"200","TJK",7,0,9749625,0,0,100,0,0.0717976332423042,0,0.0733906479345775,NA,0,0,0,0,NA,Inf,0,NA,NA,0,NA,NA,NA,2,"not estimated, insufficient recent sequencing","not estimated, insufficient recent sequencing"
"201","TKL",0,0,1368,NA,0,100,0,0,NA,NA,NA,NA,NA,NA,NA,NA,NA,0,NA,NA,0,NA,NA,NA,2,"not estimated, insufficient recent sequencing","not estimated, insufficient recent sequencing"
"202","TKM",0,0,6117933,NA,0,100,0,0,NA,NA,NA,NA,NA,NA,NA,NA,NA,0,NA,NA,0,NA,NA,NA,2,"not estimated, insufficient recent sequencing","not estimated, insufficient recent sequencing"
"203","TLS",0,0,-Inf,NA,0,100,0,0,0,0,NA,0,0,0,0,NA,NA,0,NA,NA,0,NA,NA,NA,2,"not estimated, insufficient recent sequencing","not estimated, insufficient recent sequencing"
"204","TON",0,0,106759,NA,0,100,0,0,0,0,NA,0,0,0,0,NA,NA,0,NA,NA,0,NA,NA,NA,2,"not estimated, insufficient recent sequencing","not estimated, insufficient recent sequencing"
"205","TTO",16943,0,1403374,0,0,100,272.6,1207.30468143203,140.75,166.672623302359,0.33229119759837,0,0,0,0,Inf,Inf,0,NA,NA,0,NA,NA,NA,2,"not estimated, insufficient recent sequencing","not estimated, insufficient recent sequencing"
"206","TUN",5344,0,11935764,0,0,100,6.6,44.7730032195677,145.21,271.357813689821,0.224142844581748,28795,110885,241.24974320873,929.014682260809,0.0273575420732766,0.048194074942508,0,1,NA,1,"Tunisia",NA,1,2,"not estimated, insufficient recent sequencing","not estimated, insufficient recent sequencing"
"207","TUR",684334,2325,85042736,0.339746381153063,2.73391956721618,0.13,122.2,804.694242198417,375.87,996.733172079346,0.106665594936893,0,0,0,0,Inf,Inf,0,NA,NA,0,NA,NA,NA,-0.890199720405492,"0.13","0.13%"
"208","TUV",0,0,11925,NA,0,100,0,0,NA,NA,NA,NA,NA,NA,NA,NA,NA,0,NA,NA,0,NA,NA,NA,2,"not estimated, insufficient recent sequencing","not estimated, insufficient recent sequencing"
"209","TWN",238,0,23855008,0,0,100,0.2,0.997694069102806,215.97,362.329092664903,0.00193381100751924,192490,905291,806.916518326047,3794.97252736197,0.000247857114655307,0.000262898891074804,0,NA,NA,0,NA,NA,NA,2,"minimal recent COVID cases","minimal recent COVID cases"
"210","TZA",74,0,61498438,0,0,100,0,0.120328259394165,3.74,4.9748719322329,0.0885321147225989,0,0,0,0,NA,Inf,0,NA,NA,0,NA,NA,NA,2,"not estimated, insufficient recent sequencing","not estimated, insufficient recent sequencing"
"211","UGA",1150,0,47123533,0,0,100,0.3,2.44039427179622,15.87,43.6920268468114,0.0639584251722652,35341,158357,74.996499095261,336.04653539029,0.00400018672363544,0.00726207240601931,0,7,NA,7,"Uganda",NA,7,2,"not estimated, insufficient recent sequencing","not estimated, insufficient recent sequencing"
"212","UKR",449866,0,43466822,0,0,100,114.2,1034.96409284304,132.95,369.110394658618,0.228768728154951,256212,1383772,589.442678832145,3183.51316321216,0.193742333395782,0.325101245002789,0,NA,NA,0,NA,NA,NA,2,"not estimated, insufficient recent sequencing","not estimated, insufficient recent sequencing"
"213","URY",5930,0,3485152,0,0,100,30.6,170.15039803142,546.23,1202.34772596431,0.0961561481614841,60156,280218,1726.06531938923,8040.33798238929,0.0177281819269898,0.0211620952258599,0,NA,NA,0,NA,NA,NA,2,"not estimated, insufficient recent sequencing","not estimated, insufficient recent sequencing"
"214","USA",2750152,61017,332915074,2.21867736765095,18.328097693768,0.01,166.7,826.082149707646,697.47,2145.68685782304,0.0697506886608357,9738390,41130596,2925.18746087178,12354.6811821444,0.0569878006896417,0.0668638985926681,49,70,16,70,"United States",49,70,-2.30895851402732,"<0.01","<0.01%"
"215","UZB",6534,0,33935765,0,0,100,3.2,19.254023004933,45.89,41.8297529056739,0.139217142857143,0,0,0,0,Inf,Inf,0,NA,NA,0,NA,NA,NA,2,"not estimated, insufficient recent sequencing","not estimated, insufficient recent sequencing"
"216","VAT",0,0,812,NA,0,100,0,0,0,0,NA,0,0,0,0,NA,NA,0,NA,NA,0,NA,NA,NA,2,"not estimated, insufficient recent sequencing","not estimated, insufficient recent sequencing"
"217","VCT",522,0,111269,0,0,100,59.3,469.133361493318,224.98,505.684684684685,0.100568313409702,0,0,0,0,Inf,Inf,0,NA,NA,0,NA,NA,NA,2,"not estimated, insufficient recent sequencing","not estimated, insufficient recent sequencing"
"218","VEN",21241,0,28704947,0,0,100,7.8,73.9976980274515,61.32,111.79751019834,0.13709180723695,0,0,0,0,Inf,Inf,0,NA,NA,0,NA,NA,NA,2,"not estimated, insufficient recent sequencing","not estimated, insufficient recent sequencing"
"219","VGB",0,0,30423,NA,0,100,0,0,NA,NA,NA,NA,NA,NA,NA,NA,NA,0,NA,NA,0,NA,NA,NA,2,"not estimated, insufficient recent sequencing","not estimated, insufficient recent sequencing"
"220","VNM",360851,4,98168829,0.00110849076211511,0.00407461313407334,52.71,72.6,367.582056010875,13.21,29.6170085988145,0.469016160866353,0,0,0,0,Inf,Inf,0,NA,NA,0,NA,NA,NA,1.72191707065002,"52.71","52.71%"
"221","VUT",0,0,314464,NA,0,100,0,0,0,0,NA,0,0,0,0,NA,NA,0,NA,NA,0,NA,NA,NA,2,"not estimated, insufficient recent sequencing","not estimated, insufficient recent sequencing"
"222","WLF",0,0,11094,NA,0,100,0,0,NA,NA,NA,NA,NA,NA,NA,NA,NA,0,NA,NA,0,NA,NA,NA,2,"not estimated, insufficient recent sequencing","not estimated, insufficient recent sequencing"
"223","WSM",0,0,200144,NA,0,100,0,0,0,0,NA,0,0,0,0,NA,NA,0,NA,NA,0,NA,NA,NA,2,"not estimated, insufficient recent sequencing","not estimated, insufficient recent sequencing"
"224","YEM",160,0,30490639,0,0,100,0.1,0.524751219546432,0,0,NA,0,0,0,0,Inf,Inf,0,NA,NA,0,NA,NA,NA,2,"not estimated, insufficient recent sequencing","not estimated, insufficient recent sequencing"
"225","ZAF",108564,282,60041996,0.259754614789433,0.469671261428418,1.06,105,180.813442644378,101.95,334.500379369067,0.154800247574422,330966,1106749,551.224179822403,1843.29148551291,0.190485112670184,0.0980927021393288,429,398,77844,429,"South Africa",429,429,0.0239491411994369,"1.06","1.06%"
"226","ZMB",466,0,18920657,0,0,100,0.8,2.46291658899583,55.74,149.968178851175,0.0763274773622922,29251,127203,154.59822563244,672.296950364884,0.00517470363406379,0.00366343561079534,0,3,NA,3,"Zambia",NA,3,2,"not estimated, insufficient recent sequencing","not estimated, insufficient recent sequencing"
"227","ZWE",8396,0,15092171,0,0,100,34.6,55.6314926460878,77.95,110.568256744937,0.0916576608152973,40458,107141,268.072764349145,709.911118817829,0.12906943412922,0.0783640249764329,0,50,NA,50,"Zimbabwe",NA,50,2,"not estimated, insufficient recent sequencing","not estimated, insufficient recent sequencing"
